optimizer,attack,utility_mean,utility_std,security_mean,security_std,n_seeds,n_runs
bootstrap_fewshot,direct,0.6,0.50709255283711,1.0,0.0,3,15
bootstrap_fewshot,important_instructions,0.2,0.4140393356054125,0.6,0.50709255283711,3,15
gepa,direct,0.26666666666666666,0.45773770821706344,0.8666666666666667,0.35186577527449836,3,15
gepa,important_instructions,0.2,0.4140393356054125,0.7333333333333333,0.45773770821706355,3,15
miprov2,direct,0.13333333333333333,0.3518657752744984,0.9333333333333333,0.2581988897471611,3,15
miprov2,important_instructions,0.06666666666666667,0.2581988897471611,0.7333333333333333,0.4577377082170635,3,15
unoptimized,direct,0.0,0.0,1.0,0.0,3,15
unoptimized,important_instructions,0.0,0.0,0.8,0.4140393356054125,3,15
